<?xml version="1.0"?>
<ROWSET>
 <ROW>
  <EMPNO>7839</EMPNO>
  <ENAME>KING</ENAME>
  <JOB>PRESIDENT</JOB>
  <HIREDATE>1981-11-17</HIREDATE>
  <SAL>5000</SAL>
  <DEPTNO>10</DEPTNO>
 </ROW>
 <ROW>
  <EMPNO>7698</EMPNO>
  <ENAME>BLAKE</ENAME>
  <JOB>MANAGER</JOB>
  <MGR>7839</MGR>
  <HIREDATE>1981-05-01</HIREDATE>
  <SAL>2850</SAL>
  <DEPTNO>30</DEPTNO>
 </ROW>
 <ROW>
  <EMPNO>7782</EMPNO>
  <ENAME>CLARK</ENAME>
  <JOB>MANAGER</JOB>
  <MGR>7839</MGR>
  <HIREDATE>1981-06-09</HIREDATE>
  <SAL>2450</SAL>
  <DEPTNO>10</DEPTNO>
 </ROW>
 <ROW>
  <EMPNO>7566</EMPNO>
  <ENAME>JONES</ENAME>
  <JOB>MANAGER</JOB>
  <MGR>7839</MGR>
  <HIREDATE>1981-04-02</HIREDATE>
  <SAL>2975</SAL>
  <DEPTNO>20</DEPTNO>
 </ROW>
 <ROW>
  <EMPNO>7788</EMPNO>
  <ENAME>SCOTT</ENAME>
  <JOB>ANALYST</JOB>
  <MGR>7566</MGR>
  <HIREDATE>1982-12-09</HIREDATE>
  <SAL>3000</SAL>
  <DEPTNO>20</DEPTNO>
 </ROW>
 <ROW>
  <EMPNO>7902</EMPNO>
  <ENAME>FORD</ENAME>
  <JOB>ANALYST</JOB>
  <MGR>7566</MGR>
  <HIREDATE>1981-12-03</HIREDATE>
  <SAL>3000</SAL>
  <DEPTNO>20</DEPTNO>
 </ROW>
 <ROW>
  <EMPNO>7369</EMPNO>
  <ENAME>SMITH</ENAME>
  <JOB>CLERK</JOB>
  <MGR>7902</MGR>
  <HIREDATE>1980-12-17</HIREDATE>
  <SAL>800</SAL>
  <DEPTNO>20</DEPTNO>
 </ROW>
 <ROW>
  <EMPNO>7499</EMPNO>
  <ENAME>ALLEN</ENAME>
  <JOB>SALESMAN</JOB>
  <MGR>7698</MGR>
  <HIREDATE>1981-02-20</HIREDATE>
  <SAL>1600</SAL>
  <COMM>300</COMM>
  <DEPTNO>30</DEPTNO>
 </ROW>
 <ROW>
  <EMPNO>7521</EMPNO>
  <ENAME>WARD</ENAME>
  <JOB>SALESMAN</JOB>
  <MGR>7698</MGR>
  <HIREDATE>1981-02-22</HIREDATE>
  <SAL>1250</SAL>
  <COMM>500</COMM>
  <DEPTNO>30</DEPTNO>
 </ROW>
 <ROW>
  <EMPNO>7654</EMPNO>
  <ENAME>MARTIN</ENAME>
  <JOB>SALESMAN</JOB>
  <MGR>7698</MGR>
  <HIREDATE>1981-09-28</HIREDATE>
  <SAL>1250</SAL>
  <COMM>1400</COMM>
  <DEPTNO>30</DEPTNO>
 </ROW>
 <ROW>
  <EMPNO>7844</EMPNO>
  <ENAME>TURNER</ENAME>
  <JOB>SALESMAN</JOB>
  <MGR>7698</MGR>
  <HIREDATE>1981-09-08</HIREDATE>
  <SAL>1500</SAL>
  <COMM>0</COMM>
  <DEPTNO>30</DEPTNO>
 </ROW>
 <ROW>
  <EMPNO>7876</EMPNO>
  <ENAME>ADAMS</ENAME>
  <JOB>CLERK</JOB>
  <MGR>7788</MGR>
  <HIREDATE>1983-01-12</HIREDATE>
  <SAL>1100</SAL>
  <DEPTNO>20</DEPTNO>
 </ROW>
 <ROW>
  <EMPNO>7900</EMPNO>
  <ENAME>JAMES</ENAME>
  <JOB>CLERK</JOB>
  <MGR>7698</MGR>
  <HIREDATE>1981-12-03</HIREDATE>
  <SAL>950</SAL>
  <DEPTNO>30</DEPTNO>
 </ROW>
 <ROW>
  <EMPNO>7934</EMPNO>
  <ENAME>MILLER</ENAME>
  <JOB>CLERK</JOB>
  <MGR>7782</MGR>
  <HIREDATE>1982-01-23</HIREDATE>
  <SAL>1300</SAL>
  <DEPTNO>10</DEPTNO>
 </ROW>
</ROWSET>
